carat,cut,color,clarity,depth,table,price,x,y,z
0.49,Very Good,D,SI1,58.6,60,1174,5.14,5.2,3.03
1.03,Very Good,E,SI2,60.7,63,4326,6.48,6.44,3.92
0.41,Very Good,G,VS1,58.9,60,839,4.84,4.87,2.86
0.9,Premium,F,SI2,60.3,55,3704,6.35,6.28,3.81
0.31,Premium,I,VVS1,62.2,60,732,4.32,4.3,2.68
1.03,Ideal,F,VVS2,61.6,56,8701,6.46,6.53,4
1.73,Premium,I,VS1,62.2,59,12674,7.65,7.62,4.75
0.43,Very Good,E,SI2,59,60,765,4.9,4.96,2.91
1.08,Ideal,J,SI1,61.8,56,4524,6.58,6.55,4.06
0.91,Good,F,SI1,63.9,55,4279,6.1,6.17,3.92
0.7,Ideal,E,SI1,62.7,57,2614,5.64,5.66,3.54
0.51,Very Good,D,SI1,63.5,55,1574,5.09,5.08,3.23
0.7,Good,I,VVS2,63.4,59,2394,5.57,5.6,3.54
0.9,Premium,G,SI1,60.6,61,3407,6.16,6.12,3.72
0.34,Ideal,H,SI1,60.7,56,490,4.52,4.58,2.76
1.08,Ideal,D,SI2,61.6,57,5256,6.58,6.62,4.07
1.03,Premium,D,VVS2,60.1,58,11335,6.55,6.6,3.95
1.01,Premium,D,SI1,61.8,58,6075,6.42,6.37,3.95
1.29,Ideal,H,SI1,62.1,55,7036,6.96,7,4.34
1.23,Ideal,E,SI2,61.2,55,6288,6.92,7.01,4.26
1.3,Ideal,F,VS2,62.2,56,10090,6.98,6.94,4.33
0.44,Very Good,E,VVS2,59.6,59,1337,4.98,4.99,2.97
1.1,Ideal,F,VS1,61.5,59,8796,6.63,6.58,4.06
0.3,Ideal,H,VVS2,62.8,57,776,4.25,4.22,2.66
0.33,Ideal,G,VS1,62.4,56,854,4.45,4.43,2.77
0.61,Ideal,G,VVS1,62.7,58,2544,5.39,5.43,3.39
1.04,Ideal,G,VS1,61.5,57,7457,6.5,6.54,4.01
0.54,Premium,G,VS1,61.6,58,1760,5.25,5.21,3.22
0.96,Ideal,F,VS1,61.7,56,4333,6.4,6.34,3.93
0.53,Very Good,E,IF,59.8,60,2542,5.28,5.35,3.18
1.5,Premium,H,SI1,59,62,10038,7.39,7.31,4.56
0.3,Good,D,VVS2,61.6,63,719,4.23,4.27,2.62
0.41,Ideal,F,VVS2,62.5,56,1115,4.72,4.75,2.96
1.52,Ideal,I,VS1,61.8,55,10851,7.38,7.41,4.57
0.41,Premium,F,VVS2,60.4,58,1115,4.8,4.84,2.91
0.51,Very Good,F,SI1,62.5,59,1203,5.08,5.1,3.18
0.4,Premium,F,VS1,62.4,59,1050,4.69,4.67,2.92
0.9,Very Good,H,VVS2,59.7,62,4842,6.2,6.23,3.71
1.31,Ideal,H,VS1,61.5,56,8583,7.06,7,4.32
1.01,Premium,F,SI2,60.9,60,3297,6.45,6.42,3.91
0.4,Ideal,D,VS2,62.2,55,909,4.72,4.74,2.94
2.03,Premium,I,SI1,61.2,58,16787,8.21,8.16,5.01
0.42,Ideal,G,IF,62.7,56,1400,4.76,4.77,2.99
0.38,Ideal,E,SI2,61.8,56,628,4.62,4.66,2.87
0.3,Premium,I,VVS1,61.1,59,552,4.31,4.33,2.64
0.32,Ideal,F,VVS2,61.2,57,800,4.42,4.44,2.71
0.33,Ideal,H,VS2,61,55,539,4.49,4.52,2.75
0.41,Ideal,G,SI1,61.9,54,759,4.77,4.82,2.97
0.72,Very Good,D,VS1,64.1,57,3375,5.68,5.71,3.65
1.55,Ideal,I,SI2,60.7,60,8056,7.49,7.46,4.54
0.37,Premium,F,SI1,61.6,59,616,4.62,4.67,2.86
0.9,Very Good,H,VS1,63,59,4136,6.1,6.13,3.85
0.4,Very Good,G,SI2,63.4,59,765,4.66,4.64,2.95
1.22,Good,I,VS1,59.2,61,6713,7.01,6.95,4.13
0.4,Ideal,D,VVS2,61.9,56,1323,4.76,4.74,2.94
1.19,Ideal,H,SI2,61.7,56,4798,6.83,6.78,4.2
0.5,Ideal,D,VVS2,62.5,53,2475,5.05,5.13,3.18
2.52,Fair,H,SI2,65.4,59,13846,8.49,8.42,5.53
0.39,Ideal,G,VVS2,61.9,56,902,4.68,4.7,2.9
0.71,Ideal,G,SI1,61.4,55,2423,5.75,5.79,3.54
1.2,Very Good,G,SI1,62.8,60,6526,6.71,6.79,4.24
0.32,Ideal,J,VS1,61.3,57,421,4.41,4.43,2.71
1.51,Premium,F,VS2,62,60,14165,7.23,7.35,4.52
0.34,Ideal,G,VS2,62.2,53,596,4.46,4.51,2.79
2.02,Premium,G,SI1,62.3,61,16323,8.07,7.96,4.99
0.51,Good,H,VS1,59.4,61.9,1376,5.18,5.2,3.08
0.53,Very Good,G,VS1,60.1,58,1721,5.27,5.32,3.18
0.24,Ideal,F,VS1,61.8,54,572,3.99,4.03,2.48
0.31,Ideal,F,IF,60.9,56,914,4.37,4.4,2.67
1.11,Ideal,D,VVS1,62.1,55,14584,6.63,6.64,4.12
1.05,Very Good,D,SI1,61.6,61,5255,6.5,6.55,4.02
0.76,Premium,H,VVS1,60.7,58,3311,5.9,5.93,3.59
0.55,Ideal,G,VS1,60.9,55,1841,5.27,5.31,3.22
1.21,Very Good,H,SI1,60.2,58,6229,6.89,6.93,4.16
0.4,Very Good,E,SI1,61.7,60,687,4.68,4.72,2.9
0.9,Very Good,I,VS1,62,61,3880,6.12,6.18,3.81
0.51,Premium,G,VS1,62.3,58,1656,5.08,5.13,3.18
0.41,Ideal,F,VVS2,62.3,56,1115,4.73,4.77,2.96
1.52,Ideal,F,VS2,62.9,53,15792,7.36,7.31,4.61
0.79,Premium,H,SI2,60.4,61,2471,5.99,5.96,3.61
0.58,Ideal,E,SI2,62.4,58,1359,5.32,5.35,3.33
0.33,Ideal,E,VS2,62.5,55,792,4.46,4.41,2.77
0.26,Ideal,E,VVS2,61.5,56,769,4.11,4.08,2.52
0.53,Very Good,G,VS1,63,58,1607,5.15,5.17,3.25
0.72,Ideal,G,VS2,61.7,56,3012,5.74,5.78,3.55
0.35,Good,E,VS1,59.4,55,851,4.6,4.62,2.74
0.35,Ideal,G,IF,60.2,55,979,4.63,4.64,2.79
0.51,Very Good,J,SI1,62.6,59,930,5.06,5.1,3.18
1,Premium,F,SI1,60.3,58,5197,6.43,6.47,3.89
2.3,Ideal,H,SI2,61.6,56,18304,8.48,8.52,5.24
0.7,Ideal,J,SI1,62.6,56,1937,5.66,5.68,3.55
0.32,Ideal,G,VVS1,61.2,56,814,4.42,4.44,2.71
0.73,Ideal,E,SI2,62.8,55,2431,5.73,5.76,3.61
0.34,Premium,H,VS1,61.3,56,765,4.53,4.48,2.76
1.15,Very Good,H,VS2,63.1,56,5750,6.7,6.62,4.2
0.35,Ideal,G,IF,62,54,1001,4.54,4.56,2.82
0.41,Ideal,F,IF,62.1,55,1439,4.76,4.81,2.97
0.48,Premium,F,SI1,60.6,62,1110,5.06,5,3.05
0.43,Ideal,H,VVS1,61.7,56,987,4.86,4.9,3.01
0.3,Ideal,E,VS2,62.8,56,844,4.32,4.28,2.7
0.4,Ideal,H,VVS1,62.3,54,1017,4.74,4.77,2.96
1.07,Ideal,H,SI2,59.2,57,4314,6.7,6.64,3.95
1,Premium,F,SI1,61.9,60,5645,6.39,6.34,3.94
0.7,Premium,G,SI1,62.8,58,2352,5.66,5.62,3.54
0.9,Very Good,F,SI1,63,60,4232,6.09,6.13,3.85
0.44,Very Good,H,SI1,63.5,57,941,4.85,4.82,3.07
0.56,Ideal,F,VS2,62.7,55,2318,5.32,5.27,3.32
1.51,Good,J,VS2,63.7,59,7207,7.12,7.2,4.56
1.11,Good,I,VVS2,60.1,64,5221,6.73,6.62,4.02
0.51,Ideal,H,VS2,61.6,55,1163,5.13,5.16,3.17
2.18,Very Good,E,I1,62,60,10340,8.25,8.33,5.14
1.13,Very Good,F,SI1,60.6,60,5481,6.67,6.76,4.07
1.01,Ideal,G,VS2,60.4,61,6132,6.45,6.5,3.91
0.58,Premium,D,VS1,59.2,60,2401,5.46,5.41,3.22
0.3,Ideal,G,VS1,62.6,57,605,4.27,4.29,2.68
1.13,Ideal,E,VS2,62,54,8404,6.7,6.66,4.14
0.74,Premium,H,SI1,60.9,60,2201,5.81,5.75,3.52
1.5,Ideal,I,VS1,62.8,57,9533,7.24,7.28,4.56
0.57,Premium,E,VS1,61.6,58,2753,5.36,5.33,3.29
0.27,Very Good,E,VS1,61.8,55,518,4.18,4.21,2.59
1.51,Premium,F,VS2,60.4,59,14247,7.41,7.33,4.45
0.7,Very Good,E,VS1,62.5,56,3063,5.64,5.68,3.54
0.9,Ideal,H,VS2,62.7,57,4072,6.13,6.15,3.85
0.3,Ideal,E,VVS1,61.7,57,1071,4.32,4.34,2.67
1.09,Premium,H,SI1,62.4,59,5219,6.53,6.48,4.06
1.05,Fair,G,VS1,65.6,58,7283,6.25,6.38,4.13
1.27,Very Good,H,SI2,63.1,57,4978,6.88,6.84,4.33
0.54,Very Good,G,VVS1,60.6,55,1983,5.28,5.31,3.21
0.33,Ideal,F,VVS1,61.7,55,880,4.42,4.46,2.74
2.04,Premium,I,SI2,59.8,59,14605,8.3,8.23,4.94
1.5,Premium,H,VS2,62.4,59,11092,7.29,7.32,4.56
1.25,Premium,H,VS1,62.7,59,7328,6.82,6.86,4.29
0.44,Ideal,I,VS1,61.4,55,1245,4.89,4.92,3.01
1,Premium,H,SI1,59.4,58,4788,6.51,6.46,3.85
0.43,Very Good,G,VS2,62.4,56,852,4.84,4.87,3.02
0.71,Very Good,G,SI2,61.3,58,2081,5.73,5.75,3.52
0.51,Premium,I,VVS2,59.4,60,1211,5.26,5.21,3.11
0.91,Very Good,G,SI2,60.4,61,3435,6.21,6.28,3.77
0.41,Ideal,H,SI1,62.9,55,876,4.82,4.75,3.01
0.54,Very Good,F,SI1,63,57,1255,5.18,5.23,3.28
0.39,Good,J,VS1,63.1,56,616,4.62,4.7,2.94
0.9,Good,G,SI1,60,61,3752,6.19,6.22,3.72
0.51,Ideal,F,VVS1,62,57,2812,5.15,5.11,3.18
1.12,Ideal,I,SI2,62.4,57,3688,6.69,6.62,4.15
0.71,Good,F,VS2,63,59,2320,5.59,5.65,3.54
2.27,Good,J,VS1,59.3,61,17051,8.47,8.55,5.05
1.7,Ideal,H,VS1,62.8,57,14266,7.57,7.47,4.72
0.7,Ideal,F,SI1,61,56,2840,5.75,5.8,3.52
0.9,Premium,H,VS2,60.4,59,4246,6.27,6.24,3.78
1.06,Ideal,F,VS1,61.9,57,7345,6.53,6.55,4.05
0.5,Ideal,E,VS2,61.4,55,1614,5.12,5.14,3.15
0.7,Premium,E,VS1,62.6,59,2837,5.69,5.66,3.55
0.75,Premium,G,SI1,60.9,58,2631,5.87,5.83,3.56
0.5,Good,D,SI2,61.9,63,1175,5.05,5.07,3.13
0.7,Premium,F,SI1,62.8,59,2348,5.66,5.59,3.53
0.5,Premium,F,VS1,61.8,60,1710,5.06,5.1,3.14
2,Good,H,SI2,63.6,57,13480,8.01,7.97,5.08
0.7,Ideal,E,SI1,61.4,57,2656,5.71,5.75,3.52
2.09,Premium,H,VS2,62.2,58,18443,8.17,8.12,5.06
1.54,Premium,I,SI2,60.1,61,7727,7.46,7.41,4.47
0.43,Very Good,F,VS1,61,57,1056,4.84,4.89,2.97
1.04,Premium,G,SI1,60.6,61,4742,6.63,6.59,4
1.2,Premium,I,VS1,59.9,59,6250,6.96,6.87,4.14
0.44,Premium,F,SI1,60.9,58,1023,4.96,4.92,3.01
1.5,Premium,G,VS2,61.2,61,12308,7.34,7.29,4.48
0.3,Very Good,D,SI1,62.3,57,524,4.26,4.31,2.67
1.7,Premium,J,SI2,63,60,7650,7.59,7.53,4.76
1.51,Premium,J,SI1,60.6,57,7255,7.46,7.38,4.5
0.32,Premium,J,VS2,61.9,58,393,4.35,4.38,2.7
0.9,Fair,E,SI1,65.5,59,3508,6.06,6.03,3.96
0.32,Premium,F,SI1,60,59,533,4.42,4.45,2.66
0.5,Fair,G,VVS2,66.1,62,1659,4.92,4.88,3.24
1.2,Ideal,E,VVS2,62.2,57,11839,6.81,6.77,4.22
1.5,Ideal,I,I1,61.3,57,5593,7.36,7.39,4.52
0.52,Ideal,E,VS2,61.5,56,1767,5.17,5.14,3.17
1.03,Ideal,F,VS2,60.2,54,7550,6.64,6.61,3.99
1.22,Premium,I,SI1,62.1,59,5368,6.8,6.86,4.24
1.1,Premium,H,VS2,61.4,58,5652,6.68,6.62,4.08
1,Ideal,F,VS1,61.9,57,7526,6.41,6.39,3.96
0.57,Ideal,D,VS1,61.7,56,2091,5.31,5.33,3.28
0.35,Very Good,G,VVS2,62.8,58,798,4.44,4.48,2.8
1.31,Ideal,G,VS1,62.2,56,10071,7.05,7.01,4.37
0.38,Good,H,SI1,63.3,57,633,4.58,4.62,2.91
1.27,Ideal,E,SI1,62.4,58,7631,6.87,6.91,4.3
0.52,Ideal,E,SI1,61.4,57,1429,5.18,5.15,3.17
0.53,Ideal,J,SI1,61.6,55,999,5.2,5.23,3.21
0.59,Very Good,E,VS1,61.6,61,1993,5.34,5.37,3.3
1.12,Very Good,H,SI2,60.9,60,4498,6.71,6.76,4.1
1.11,Very Good,H,VS1,63.2,57,6061,6.61,6.53,4.15
1.3,Premium,D,SI2,60.2,59,7130,7.05,7,4.23
1.11,Ideal,H,SI2,61.2,56,5496,6.7,6.69,4.1
0.66,Ideal,G,SI1,61.7,55,1885,5.64,5.6,3.47
0.82,Ideal,H,SI1,62.5,57,2832,5.91,5.97,3.71
0.4,Premium,G,IF,59.8,58,1333,4.79,4.85,2.88
0.36,Ideal,D,SI1,59.5,56,663,4.63,4.68,2.77
1,Ideal,E,SI2,62.9,56,3450,6.32,6.3,3.97
0.31,Ideal,F,VS1,61.6,56,695,4.33,4.36,2.68
0.9,Fair,I,VS1,65.2,60,3387,6,5.96,3.9
0.49,Premium,H,VS2,59.5,62,1103,5.14,5.12,3.05
0.37,Premium,D,VS1,61.9,58,941,4.56,4.62,2.84
1.52,Ideal,G,VVS1,62.4,55,15959,7.3,7.39,4.58
0.91,Premium,D,VS2,62.7,59,4637,6.16,6.13,3.85
0.33,Ideal,H,VS2,60.7,55,551,4.48,4.51,2.73
0.54,Ideal,F,SI1,61.2,56,1307,5.23,5.29,3.22
0.38,Good,F,VS2,60.3,61,719,4.68,4.71,2.83
1.01,Fair,E,SI1,64.8,58,4480,6.34,6.29,4.09
0.41,Very Good,E,SI1,61,61,725,4.74,4.77,2.9
0.5,Very Good,D,VS2,61.2,55,1682,5.07,5.12,3.12
1.04,Ideal,F,SI2,62.6,57,4630,6.48,6.45,4.05
0.7,Good,G,SI1,64.6,59,2137,5.49,5.54,3.56
1.5,Fair,H,SI1,66.1,57,7832,7.06,6.98,4.64
0.34,Ideal,G,VS2,62.1,57,765,4.5,4.46,2.78
0.36,Ideal,H,VS2,62.1,55,568,4.57,4.61,2.85
0.5,Ideal,G,SI1,62.1,57,1153,5.05,5.09,3.15
0.33,Ideal,G,VVS1,61.7,56,1114,4.47,4.45,2.75
0.32,Very Good,E,VS2,61.6,58,594,4.4,4.47,2.73
0.31,Ideal,F,IF,62.1,54,914,4.36,4.4,2.72
0.45,Premium,J,SI2,60.9,57,720,4.95,4.9,3.05
0.7,Premium,J,VVS2,61.9,58,1843,5.67,5.73,3.53
0.51,Ideal,D,SI1,61.5,56,1431,5.15,5.16,3.17
1.04,Good,J,VS2,58.2,64,3285,6.64,6.53,3.85
0.32,Ideal,D,SI1,62.6,55,756,4.39,4.36,2.74
1,Premium,G,VS2,61.6,58,5940,6.39,6.43,3.95
0.3,Ideal,H,VS1,61.6,55,526,4.27,4.3,2.64
1.5,Premium,H,I1,60.1,57,3457,7.4,7.28,4.42
1.56,Very Good,I,SI1,62.9,58,7584,7.31,7.35,4.61
0.96,Premium,D,SI2,60,60,3989,6.47,6.43,3.87
1.05,Premium,G,IF,60.6,60,9012,6.59,6.57,3.99
0.28,Ideal,E,VS1,62,56,625,4.21,4.18,2.6
0.34,Ideal,E,VVS2,60.8,58,838,4.51,4.53,2.75
1.01,Very Good,F,SI1,63.1,59,5010,6.3,6.37,4
0.4,Ideal,H,VVS2,60.8,55,1125,4.82,4.79,2.92
0.2,Premium,E,SI2,60.2,62,345,3.79,3.75,2.27
0.52,Very Good,E,VS1,59.6,58,1767,5.21,5.26,3.12
0.5,Premium,G,VS1,61.1,60,1629,5.1,5.05,3.1
0.9,Fair,I,I1,67.2,60,1786,5.96,5.88,3.98
0.51,Very Good,E,VVS2,62.1,55,2056,5.14,5.16,3.2
0.54,Very Good,H,SI1,61.6,56,1235,5.21,5.24,3.22
1.07,Ideal,G,SI2,62.4,57,4419,6.56,6.58,4.1
0.37,Premium,I,VS2,61.1,59,666,4.65,4.58,2.82
1.52,Very Good,J,VS2,63.5,58,7504,7.28,7.24,4.61
0.32,Premium,H,VS1,61.6,59,672,4.39,4.37,2.7
0.9,Very Good,E,SI1,60.1,58,4034,6.25,6.29,3.77
1.51,Very Good,F,VVS2,63.1,56,17317,7.32,7.26,4.6
1.2,Premium,F,SI2,62.9,57,5712,6.8,6.72,4.25
0.93,Ideal,H,VS1,61.8,55,5375,6.28,6.26,3.88
0.72,Ideal,E,SI1,61.2,56,2642,5.75,5.79,3.53
1,Good,E,VS1,60,65,7190,6.48,6.43,3.87
0.85,Premium,D,SI2,60.5,60,2737,6.11,6.06,3.68
1.04,Ideal,G,VS2,61.9,57,6290,6.5,6.46,4.01
1.02,Premium,F,VS1,60.5,56,7197,6.61,6.52,3.97
0.56,Ideal,G,SI1,61.3,54,1417,5.34,5.37,3.28
1.5,Good,F,SI2,64.1,55,7291,7.15,7.11,4.57
0.31,Ideal,G,SI1,62.2,55,462,4.36,4.38,2.72
0.8,Very Good,I,VS2,62,54.2,2591,5.94,5.99,3.7
0.33,Good,G,VS1,63.1,57,666,4.38,4.4,2.77
0.8,Very Good,H,SI2,57,63,2487,6.09,6.18,3.5
0.33,Ideal,E,VVS2,61.7,57,1114,4.44,4.41,2.73
0.35,Ideal,D,VS2,60.5,56,707,4.6,4.63,2.79
0.56,Ideal,F,VS2,62.6,55,1814,5.29,5.25,3.3
1.01,Good,J,VS1,61.5,61,4189,6.39,6.45,3.95
0.33,Ideal,E,SI1,63,54,743,4.42,4.38,2.77
0.5,Ideal,F,SI1,60.2,63,1374,5.12,5.15,3.09
2.03,Very Good,I,SI2,62.8,59,13063,8.04,8.08,5.06
1.51,Very Good,I,SI1,61.4,60,8073,7.37,7.33,4.51
0.77,Ideal,J,SI1,62,57,2257,5.84,5.87,3.63
0.3,Good,D,SI1,63.4,55,515,4.22,4.26,2.69
0.41,Very Good,D,SI1,63.2,58,947,4.77,4.72,3
0.52,Premium,G,SI1,60.6,61,1249,5.19,5.17,3.14
0.91,Premium,G,SI2,62.8,59,3047,6.14,6.12,3.85
1.05,Ideal,G,VS2,60.8,57,6604,6.65,6.58,4.02
0.35,Premium,D,VS2,62,58,1063,4.56,4.54,2.82
0.37,Premium,D,VVS1,61.4,58,1142,4.65,4.63,2.85
0.4,Ideal,D,VVS2,62.5,55,1010,4.73,4.77,2.97
1.31,Premium,H,VS1,62.1,58,5722,6.98,6.97,4.33
1.55,Good,G,I1,63.6,58,4965,7.34,7.29,4.65
0.51,Premium,D,SI1,60.9,59,1687,5.19,5.13,3.14
0.93,Good,E,SI1,63.1,57,4611,6.17,6.19,3.9
0.4,Premium,E,VS1,62.8,59,1125,4.67,4.63,2.92
1.3,Ideal,F,VVS2,62.1,55,12629,6.96,7.04,4.35
2.15,Ideal,I,SI1,62.5,57,14534,8.2,8.16,5.11
1.23,Ideal,G,SI2,58.8,60,6005,7.01,7.08,4.14
0.27,Ideal,E,VVS1,62,56,752,4.19,4.16,2.59
0.71,Very Good,F,SI1,61.9,56,2333,5.67,5.7,3.52
1.2,Good,G,SI1,63.5,60,4828,6.68,6.74,4.26
0.41,Very Good,E,SI1,62.8,58,705,4.72,4.77,2.98
0.7,Ideal,I,SI1,62.5,55,2110,5.68,5.71,3.56
0.4,Premium,H,SI1,61.9,57,969,4.75,4.71,2.93
1.08,Ideal,H,SI2,62,57,3629,6.65,6.55,4.06
0.64,Ideal,G,VVS2,61.8,54,2587,5.53,5.56,3.42
0.32,Ideal,F,VVS1,61.4,56,990,4.42,4.38,2.7
1.01,Good,F,VS2,64.1,59,6037,6.16,6.23,3.97
0.7,Good,F,I1,63.8,60,1134,5.64,5.45,3.54
0.7,Ideal,D,VS2,62.8,57,2998,5.69,5.75,3.59
0.54,Fair,F,SI1,64.8,59,1944,5.11,5.05,3.29
0.71,Very Good,J,VS1,62.4,58,2061,5.67,5.7,3.55
0.56,Very Good,J,SI1,60.3,59,957,5.3,5.34,3.21
0.92,Premium,H,SI1,62.4,58,3624,6.19,6.22,3.87
0.7,Very Good,E,SI2,61.1,62,2230,5.68,5.72,3.48
2.52,Premium,I,SI1,58.5,59,18252,8.9,8.87,5.2
1.05,Ideal,G,VS2,61.6,56,6837,6.52,6.56,4.03
0.5,Very Good,G,SI1,62.6,56,1197,5.06,5.1,3.18
0.74,Very Good,H,VS1,61.9,59.1,2709,5.74,5.77,3.56
0.55,Ideal,F,VS1,61.4,55,1805,5.24,5.28,3.23
0.9,Good,F,SI1,58,58,3699,6.24,6.28,3.63
0.36,Ideal,G,IF,61.7,56,985,4.57,4.6,2.83
0.51,Premium,F,SI2,58.3,61,1036,5.18,5.14,3.01
0.9,Very Good,H,SI1,62.8,58,3437,6.13,6.16,3.86
2.45,Ideal,J,VS2,60.4,56,18113,8.72,8.81,5.3
0.48,Fair,G,VVS2,65,54,1367,4.95,4.9,3.2
0.4,Ideal,F,VVS1,62.5,57,1263,4.72,4.75,2.96
0.56,Ideal,F,VVS2,61.2,57,2202,5.31,5.35,3.26
0.76,Ideal,I,SI1,61.8,57,2399,5.89,5.83,3.62
1.29,Ideal,G,VS2,62.9,57,7080,6.91,6.89,4.34
0.31,Ideal,F,IF,62.2,56,1046,4.34,4.31,2.69
1.71,Ideal,G,VVS2,62.1,55,18599,7.63,7.66,4.75
0.38,Premium,G,SI1,61.4,61,855,4.66,4.62,2.85
0.31,Ideal,G,IF,60.7,58,871,4.37,4.41,2.67
0.33,Ideal,E,VS2,60.3,57,723,4.51,4.54,2.73
0.4,Good,I,VVS2,59.7,62,750,4.75,4.79,2.85
2,Very Good,H,SI1,63.3,59,16872,8.02,8,5.07
0.23,Very Good,F,VVS2,59.3,57,530,4.01,4.05,2.39
0.31,Premium,G,SI1,61.8,58,431,4.32,4.35,2.68
0.6,Ideal,G,VS1,61.2,56,2147,5.43,5.47,3.33
0.51,Very Good,G,VS2,62.4,62,1438,5.07,5.09,3.17
0.32,Ideal,E,VS2,62.2,56,702,4.37,4.41,2.73
1.21,Ideal,G,VS2,62,56,7806,6.87,6.77,4.23
0.38,Ideal,H,VS1,62.1,55.4,714,4.63,4.68,2.89
1.02,Very Good,J,SI1,61.4,58,4137,6.47,6.5,3.98
1.51,Very Good,G,VS2,63.1,56,12551,7.33,7.29,4.61
1.07,Ideal,F,SI1,60.6,57,5909,6.62,6.67,1.07
2,Good,J,VS2,58,62,13542,8.17,8.25,4.76
1.03,Fair,H,SI2,66.3,57,3749,6.35,6.25,4.18
1.01,Very Good,G,SI1,62.7,58,5231,6.35,6.4,4
1.24,Good,G,VS2,61.3,57,8672,6.78,6.88,4.19
1.02,Premium,F,SI2,59.9,59,4162,6.56,6.59,3.94
0.42,Ideal,F,VVS1,62,55,1326,4.81,4.84,2.99
0.31,Premium,G,VVS1,59.5,60,1046,4.41,4.39,2.62
0.51,Premium,E,VVS2,61,61,2060,5.17,5.13,3.14
1.23,Ideal,H,VS1,62.1,54,7946,6.87,6.89,4.27
2.51,Very Good,E,SI2,63.1,56,16717,8.65,8.6,5.44
1.57,Ideal,G,VS1,61.9,55,13462,7.53,7.47,4.64
0.32,Premium,D,VS2,60.3,60,758,4.42,4.44,2.67
2.3,Very Good,I,SI2,60.6,60,14603,8.51,8.56,5.17
1,Ideal,H,I1,61.3,57,3136,6.44,6.41,3.94
1.51,Very Good,G,SI2,62.8,56,8637,7.22,7.3,4.56
0.41,Ideal,G,VS2,62.4,54,1061,4.81,4.78,2.99
0.3,Ideal,G,IF,62.4,55,1025,4.32,4.3,2.69
0.52,Ideal,F,VS2,63,56,1605,5.16,5.1,3.23
0.31,Very Good,H,VS2,63.1,57,628,4.31,4.28,2.71
0.3,Premium,E,SI1,61.9,58,675,4.33,4.27,2.66
0.54,Ideal,F,VS2,60.3,55,1662,5.26,5.32,3.19
0.78,Ideal,G,SI1,62.2,55,3267,5.87,5.9,3.66
0.34,Ideal,E,SI1,61.7,56,765,4.52,4.49,2.78
1.01,Very Good,G,VVS2,63.3,57,7885,6.31,6.36,4.01
0.31,Ideal,H,VS2,61.2,56,507,4.35,4.37,2.67
1.21,Good,G,VVS2,63.8,55,6559,6.74,6.65,4.28
0.71,Ideal,F,VS1,62.1,57,3066,5.73,5.76,3.57
0.24,Very Good,F,SI1,60.9,61,404,4.02,4.03,2.45
1.52,Ideal,D,SI1,60.6,58,14426,7.46,7.4,4.51
1.06,Ideal,F,VS2,61.2,57,7592,6.58,6.55,4.02
1.58,Premium,D,SI2,59.6,59,10934,7.67,7.61,4.55
1.01,Premium,E,SI1,62.8,60,5226,6.39,6.38,4.01
0.52,Premium,G,VS2,61,60,1577,5.19,5.13,3.15
1.07,Good,F,SI1,63.4,56,5561,6.51,6.52,4.13
0.27,Very Good,F,VVS2,61.9,58,620,4.17,4.2,2.59
0.46,Ideal,H,VS2,62.2,54,1083,4.95,4.97,3.09
0.72,Premium,G,VS1,61.7,59,2685,5.71,5.66,3.51
0.39,Ideal,E,SI1,62,56,676,4.72,4.65,2.91
0.76,Premium,H,SI1,60,60,2425,5.8,5.76,3.76
1.02,Ideal,G,SI2,62.4,54,4501,6.39,6.47,4.02
1.21,Ideal,D,VS1,60.1,60,11019,6.92,6.99,4.18
0.3,Premium,G,SI2,62.5,59,506,4.31,4.27,2.68
0.34,Ideal,E,SI1,61.7,56,596,4.49,4.52,2.78
0.7,Ideal,J,SI2,61.4,55,1767,5.72,5.75,3.52
1,Very Good,H,SI2,64.1,54,3991,6.3,6.33,4.05
1.13,Ideal,G,VS2,62.7,57,6525,6.65,6.68,4.18
1.05,Ideal,F,IF,61.7,56,13060,6.48,6.56,4.02
0.35,Ideal,G,VS1,60.5,57,906,4.58,4.55,2.76
1.01,Premium,J,VVS2,62.7,59,3897,6.46,6.39,4.03
0.32,Premium,H,VS2,62.5,59,648,4.38,4.33,2.72
0.5,Premium,D,VS2,62.9,61,1845,5.03,4.96,3.14
0.39,Ideal,F,VVS2,61.9,54.8,1036,4.68,4.69,2.9
0.3,Ideal,E,VVS2,60.2,57,789,4.37,4.4,2.64
0.74,Premium,G,SI1,61,60,2553,5.85,5.76,3.54
1,Premium,E,SI1,60.5,59,5396,6.45,6.4,3.89
0.72,Ideal,F,VS1,61.7,57,2829,5.77,5.74,3.55
0.32,Ideal,E,VVS2,60.8,57,842,4.42,4.46,2.7
0.9,Ideal,G,VS1,61.6,55,4460,6.27,6.23,3.85
0.36,Very Good,E,SI1,63.1,58,810,4.54,4.49,2.85
0.32,Premium,E,SI2,61.2,58,449,4.39,4.44,2.7
0.35,Premium,H,VVS1,60.6,60,1024,4.57,4.51,2.75
0.35,Premium,H,VVS1,59.9,59,1024,4.61,4.57,2.75
0.32,Ideal,F,VS1,61.9,56,702,4.36,4.4,2.71
0.6,Fair,G,VVS2,57.9,67,2167,5.66,5.47,3.23
1.13,Premium,H,VS2,61.4,61,5650,6.71,6.67,4.11
0.54,Ideal,H,VVS1,61.3,56,1875,5.23,5.27,3.22
1.01,Good,G,SI2,60.8,63,3512,6.36,6.4,3.88
0.72,Premium,E,SI1,59.5,59,2732,5.87,5.83,3.48
0.33,Premium,I,VS2,60.6,58,463,4.44,4.47,2.7
0.32,Premium,E,VS2,60.5,59,702,4.39,4.43,2.67
0.41,Very Good,D,SI1,59.2,62,738,4.82,4.85,2.86
1.02,Premium,G,VS2,60.5,54,6169,6.57,6.48,3.95
0.32,Premium,D,SI1,62.2,60,706,4.37,4.34,2.71
0.31,Premium,G,IF,61,59,924,4.33,4.36,2.65
0.3,Premium,D,VS2,61.1,59,911,4.31,4.26,2.62
0.71,Good,H,VVS2,60.4,63,2738,5.69,5.74,3.45
0.32,Ideal,G,VS1,61.3,57,645,4.37,4.4,2.69
0.25,Very Good,G,VVS1,59.4,63,457,4.07,4.11,2.43
0.47,Premium,J,SI2,61.9,59,867,4.99,4.96,3.08
0.7,Premium,F,VS2,60.2,59,2657,5.78,5.74,3.47
0.38,Very Good,F,VS2,59.7,57,752,4.73,4.79,2.84
1.5,Very Good,I,VS2,63.8,59,9960,7.29,7.23,4.63
0.5,Very Good,I,VS1,61.5,55,1317,5.12,5.16,3.16
1.12,Ideal,H,SI1,61.8,56,5838,6.67,6.69,4.13
1.29,Fair,F,SI2,64.4,57,4824,6.85,6.79,4.39
0.53,Premium,E,SI1,61.8,60,2099,5.21,5.18,3.21
0.3,Premium,D,SI1,61.7,60,709,4.28,4.25,2.63
1.52,Ideal,G,SI1,60.3,57,11028,7.58,7.48,4.54
0.34,Ideal,H,VS1,62.4,55,615,4.48,4.5,2.8
0.32,Ideal,F,VVS1,61.1,56,827,4.42,4.45,2.71
1.01,Good,D,SI2,57.6,62,4260,6.56,6.66,3.81
0.5,Very Good,D,SI1,58.9,61,1436,5.16,5.19,3.05
0.52,Premium,G,VVS2,61,58,1835,5.21,5.15,3.16
0.42,Ideal,E,SI1,61.3,57,992,4.81,4.79,2.94
0.61,Very Good,E,SI1,62.1,55,1829,5.43,5.46,3.38
0.81,Ideal,F,VS2,61.8,55,3624,5.96,5.92,3.67
0.57,Premium,F,SI1,61.1,60,1257,5.44,5.33,3.24
1,Premium,D,SI1,59.5,60,5488,6.49,6.42,3.84
0.52,Good,D,SI2,63.7,55,1203,5.1,5.11,3.25
1.02,Premium,G,SI1,62.6,59,4449,6.43,6.38,4.01
0.43,Very Good,F,VS2,61.2,59,905,4.84,4.87,2.97
1.25,Premium,I,VS2,61,59,5975,6.89,6.98,4.23
0.56,Ideal,E,VS1,61.8,55,2010,5.28,5.33,3.28
0.32,Premium,H,VS2,62.4,58,648,4.36,4.33,2.71
2.03,Premium,D,SI2,62.4,59,18286,8.04,7.98,5
0.91,Very Good,D,SI2,63.9,56,3837,6.06,6.09,3.88
0.31,Premium,H,VS2,62.2,58,489,4.31,4.34,2.69
1.51,Very Good,I,IF,62.2,62,12291,7.3,7.33,4.55
0.31,Very Good,H,VVS2,62.6,56,578,4.33,4.36,2.72
0.51,Ideal,H,VVS2,61.2,57,1669,5.14,5.19,3.16
0.32,Premium,D,SI1,61.3,60,756,4.43,4.41,2.71
0.5,Ideal,E,SI1,62.3,56,1410,5.06,5.12,3.17
1.16,Ideal,E,SI2,59.9,57,5093,6.82,6.8,4.08
0.31,Ideal,G,VS2,61.7,55,544,4.35,4.37,2.69
1.04,Very Good,E,SI1,60.8,60,5231,6.49,6.56,3.97
0.43,Ideal,H,IF,62.2,55,1245,4.84,4.87,3.02
0.33,Premium,D,VVS1,61.8,58,1207,4.43,4.4,2.73
0.31,Premium,H,VVS2,61.4,59,802,4.38,4.35,2.68
1.12,Premium,D,VS1,62.1,57,8633,6.68,6.65,4.14
1,Very Good,D,SI1,62.8,58,5005,6.35,6.39,4
1.24,Premium,E,SI1,58.5,60,5775,7.08,7.01,4.11
1.66,Premium,G,SI2,59.1,58,10030,7.77,7.69,4.57
0.53,Ideal,E,SI1,61.9,55,1585,5.2,5.24,3.23
0.3,Ideal,E,VS2,62,55,658,4.27,4.31,2.66
0.9,Fair,D,SI1,63.8,61,4252,6.07,5.99,3.85
0.4,Very Good,I,VS1,63,56,737,4.68,4.72,2.96
0.7,Very Good,H,SI1,63.3,58,2048,5.61,5.64,3.56
0.36,Ideal,E,SI1,62.1,56,631,4.56,4.59,2.84
1.14,Ideal,G,VS1,61.8,57,9090,6.67,6.7,4.12
0.57,Ideal,E,SI1,61.8,57,1728,5.33,5.28,3.28
0.55,Premium,D,SI1,62.7,59,1580,5.22,5.25,3.28
0.43,Ideal,G,VS1,61.2,57,941,4.88,4.83,2.97
0.72,Very Good,G,VS1,60,59,2671,5.8,5.84,3.49
0.73,Ideal,D,VS2,60.7,57,4134,5.84,5.88,3.55
1.21,Premium,F,SI2,59,60,5982,6.94,6.99,4.11
0.7,Very Good,G,VS1,63.1,57,2497,5.7,5.61,3.57
0.85,Ideal,D,SI1,61.9,56,4373,6.03,6.09,3.75
1.18,Premium,I,SI1,61.8,58,5617,6.78,6.74,4.18
0.33,Ideal,I,VS2,62.4,56,594,4.43,4.39,2.75
0.31,Ideal,I,VS2,61.2,55,421,4.36,4.4,2.68
0.31,Premium,G,VVS2,61.5,58,707,4.31,4.34,2.66
0.81,Ideal,F,SI1,62.3,55,3481,5.96,6,3.72
1.5,Very Good,E,SI2,62.1,59,9548,7.26,7.33,4.53
0.91,Ideal,E,SI1,60.8,57,4429,6.27,6.29,3.82
0.52,Very Good,G,SI1,61.7,57,1311,5.13,5.16,3.17
0.5,Premium,F,VVS2,62.7,56,1987,5.08,5.03,3.17
1,Very Good,G,VS2,63.5,59,5967,6.33,6.23,3.99
1.34,Premium,G,VVS2,61.3,58,11118,7.16,7.1,4.37
0.38,Ideal,H,IF,58.9,58,1064,4.69,4.81,2.8
0.35,Premium,E,VS2,60.9,59,767,4.54,4.56,2.77
1.01,Premium,D,SI2,61.7,59,4072,6.41,6.37,3.94
1.5,Good,F,SI1,63.4,58,10766,7.16,7.2,4.55
0.71,Very Good,I,VVS2,61.5,58,2448,5.73,5.81,3.55
0.7,Ideal,F,VVS2,61.7,55,4114,5.7,5.74,3.53
0.43,Ideal,F,SI1,62.5,56,975,4.84,4.82,3.02
0.29,Premium,E,VVS1,60.9,61,807,4.27,4.23,2.59
1.01,Good,F,SI2,63.6,59,4121,6.34,6.37,4.04
0.72,Good,F,I1,63.6,58,1166,5.72,5.62,3.6
1.31,Premium,H,VS2,62.1,58,6368,7.01,6.86,4.31
2.02,Ideal,H,SI1,62.3,56,12332,8.11,8.06,5.04
1.13,Very Good,D,SI2,62.3,60,5408,6.59,6.7,4.14
0.33,Premium,H,IF,61.8,60,1114,4.44,4.4,2.73
1,Good,E,SI2,63.5,56,4620,6.31,6.38,4.03
0.74,Ideal,I,VS1,60.7,55,2609,5.84,5.88,3.56
1.65,Ideal,G,VS2,61.9,57,14593,7.65,7.61,4.72
0.43,Good,H,VVS1,60,61,1000,4.91,4.93,2.95
0.32,Ideal,D,VS2,61.9,55,972,4.44,4.41,2.74
0.78,Good,G,SI2,57.9,63,1720,6.05,6,3.49
0.92,Ideal,H,VS1,60.9,57,4328,6.33,6.29,3.84
2.28,Ideal,J,VS2,62.7,57,16450,8.43,8.36,5.26
0.91,Good,G,SI2,63.6,56,3610,6.14,6.09,3.89
1.42,Very Good,I,VS1,60.1,65,6894,7.28,7.2,4.35
1.01,Very Good,H,VS1,60.9,55,5687,6.53,6.57,3.99
1,Very Good,F,SI2,61.6,61,4372,6.33,6.36,3.91
1.05,Premium,D,SI1,60.5,60,5659,6.53,6.62,3.98
0.33,Ideal,E,VS1,62.3,53.8,771,4.42,4.44,2.76
1.25,Premium,I,SI1,59.7,59,5390,7.03,6.97,4.18
0.4,Premium,F,VVS1,60.2,59,1263,4.74,4.76,2.86
0.4,Premium,D,VS2,62.5,59,982,4.66,4.72,2.93
1.51,Ideal,G,VS1,60.6,57,14375,7.38,7.48,4.5
1.15,Ideal,H,VS2,62.6,57,5989,6.75,6.69,4.21
1.01,Ideal,D,SI2,63,54,4805,6.43,6.39,4.04
1.01,Ideal,G,VS2,61.8,57,6504,6.43,6.41,3.97
0.31,Ideal,G,IF,62,54,891,4.36,4.38,2.71
0.72,Ideal,H,VS1,61.6,56,3274,5.76,5.79,3.55
0.33,Ideal,F,VVS1,60.6,59,828,4.45,4.5,2.71
1.08,Ideal,D,SI1,61.8,56,6078,6.62,6.69,4.11
0.53,Ideal,F,VS2,61.8,55,1631,5.19,5.23,3.22
0.71,Very Good,G,VS2,62.3,63,2335,5.7,5.64,3.53
1.01,Good,F,VS1,61.2,56,6825,6.42,6.49,3.95
0.31,Ideal,F,VS2,62.7,57,802,4.34,4.3,2.71
1,Good,F,IF,63.2,63,9867,6.24,6.26,3.95
1.68,Ideal,E,SI2,60.4,55,11888,7.79,7.7,4.68
0.57,Ideal,E,VS1,60.8,54.8,2061,5.36,5.4,3.27
0.71,Ideal,E,VVS2,62,53.9,4042,5.73,5.77,3.57
0.31,Ideal,G,VVS2,61.5,57,671,4.32,4.36,2.67
0.5,Good,F,VS2,62.8,61,1447,4.94,5,3.12
0.32,Very Good,I,VS1,63.1,56,648,4.4,4.38,2.77
0.31,Ideal,D,VS2,61.7,55,734,4.35,4.4,2.7
0.36,Ideal,E,VVS2,61.8,54,928,4.6,4.62,2.85
1.01,Premium,D,SI1,61.5,59,5860,6.46,6.39,3.95
0.56,Ideal,G,VS2,62.1,56,1580,5.29,5.31,3.29
0.71,Very Good,D,VS1,62.9,57,2910,5.6,5.66,3.54
0.9,Good,E,VS2,64.2,59,4315,6.02,6.1,3.89
1.01,Premium,D,SI2,60.4,60,4694,6.52,6.46,3.92
0.7,Very Good,F,SI1,62.4,58,2382,5.64,5.7,3.54
0.9,Premium,I,SI1,60.9,56,2947,6.26,6.21,3.8
0.31,Good,F,VS2,64.2,59,744,4.3,4.23,2.74
0.7,Good,D,VVS1,61,61,4407,5.69,5.72,3.48
0.52,Very Good,D,SI1,63.2,57,1446,5.11,5.15,3.24
1.01,Ideal,F,SI1,62.3,55,4276,6.38,6.31,3.95
1,Premium,G,VS2,59.3,60,6048,6.55,6.51,3.87
0.32,Ideal,E,VVS2,61.5,56,1010,4.41,4.44,2.72
0.33,Ideal,H,VVS1,61.5,56,730,4.46,4.49,2.75
2.06,Very Good,G,SI2,59,58,15938,8.3,8.38,4.92
1.34,Premium,H,VS2,62.3,60,7630,7.05,7.02,4.38
1.25,Ideal,G,SI2,61.6,57,5259,6.91,6.98,4.28
0.81,Premium,G,SI2,59,57,2274,6.14,6.1,3.61
0.32,Ideal,E,VVS1,61.7,56,954,4.4,4.42,2.72
0.86,Ideal,I,VS2,63,53,2706,6.1,6.06,3.83
1.63,Ideal,G,VS1,61.7,55,15697,7.56,7.6,4.68
0.9,Very Good,F,VS2,61.7,57,4493,6.17,6.21,3.82
0.24,Ideal,G,SI1,62.2,54,364,3.97,4,2.48
0.9,Very Good,D,SI2,60.6,61,3534,6.14,6.2,3.74
1.59,Very Good,J,VS2,62.9,58.1,8526,7.39,7.45,4.66
0.3,Ideal,I,VS2,61.5,58,438,4.28,4.31,2.64
0.9,Premium,G,VS2,61.1,58,4152,6.22,6.25,3.81
1,Premium,G,VS1,62,62,6115,6.38,6.33,3.94
1.12,Very Good,H,SI2,62.9,58,4498,6.55,6.62,4.14
0.62,Ideal,F,VVS2,61.4,56,3299,5.46,5.5,3.37
0.3,Very Good,F,SI1,61.7,59,500,4.29,4.33,2.66
0.5,Ideal,H,SI1,62.2,53,1154,5.06,5.14,3.17
1.02,Premium,G,VS2,61.5,59,5250,6.4,6.45,3.95
1.51,Premium,J,VS2,62.8,59,7553,7.28,7.2,4.55
0.91,Premium,D,SI1,62.8,57,4228,6.17,6.12,3.86
1.06,Ideal,H,VS2,61.2,55,5373,6.61,6.57,4.03
0.31,Very Good,D,SI2,61.5,60,462,4.31,4.34,2.66
0.31,Ideal,D,SI1,62.3,55,541,4.33,4.34,2.7
0.31,Ideal,G,VVS1,59.5,56,816,4.41,4.43,2.63
1.01,Good,F,SI2,61.3,62,4028,6.44,6.48,3.96
1.2,Premium,H,SI1,62.1,58,6129,6.77,6.72,4.19
0.31,Ideal,E,VS2,60.7,57,642,4.39,4.41,2.67
1.86,Very Good,H,SI2,62.3,57,11416,7.82,7.85,4.88
0.33,Premium,D,SI2,62.1,58,631,4.43,4.4,2.74
0.71,Ideal,I,SI1,62.2,55,2376,5.7,5.75,3.56
0.4,Premium,D,VVS2,62,61,1206,4.72,4.7,2.92
0.32,Good,G,VS2,63.1,57,561,4.3,4.35,2.73
0.7,Very Good,D,SI1,63.7,60,2565,5.57,5.61,3.56
1.51,Good,E,SI2,63.1,58,9343,7.28,7.31,4.6
0.33,Premium,H,VS1,59.2,58,579,4.5,4.55,2.68
0.4,Premium,F,VS1,62.9,58,1050,4.71,4.67,2.95
0.37,Ideal,H,SI1,60.9,57,552,4.63,4.67,2.83
0.7,Ideal,H,SI1,60.4,56,2815,5.75,5.81,3.49
0.71,Ideal,I,VS1,61.6,54.7,2397,5.71,5.85,3.54
0.34,Ideal,H,VS1,62.7,55,596,4.48,4.51,2.82
0.41,Premium,G,SI1,61.3,60,923,4.81,4.75,2.93
0.41,Very Good,E,SI1,60.5,63,904,4.81,4.77,2.9
1.01,Good,G,SI1,58.4,61,5051,6.51,6.61,3.83
1.42,Premium,H,SI2,61.6,58,7316,7.22,7.17,4.43
0.3,Very Good,G,VVS2,61.6,60,684,4.24,4.27,2.62
2.41,Good,I,SI2,57.7,61,17923,8.87,8.83,5.11
0.3,Ideal,E,VVS2,61.2,61,731,4.3,4.33,2.64
1.64,Ideal,H,VS2,60.6,57,12561,7.71,7.67,4.66
1,Good,F,VS2,63.3,55,6267,6.29,6.34,4
1.21,Premium,G,SI1,59.5,62,5556,6.65,6.57,3.84
0.7,Premium,E,SI2,61.8,60,2342,5.65,5.61,3.48
0.9,Very Good,I,VS2,63.4,56,3489,6.09,6.12,3.87
1.04,Very Good,D,SI2,58.2,59,4252,6.62,6.67,3.87
1.25,Ideal,J,VVS2,61.1,57,5975,6.91,6.94,4.23
0.4,Very Good,G,IF,61,59,1154,4.75,4.79,2.91
0.33,Premium,G,VS2,60.8,58,579,4.45,4.47,2.71
1.5,Very Good,F,I1,63.2,57,6028,7.29,7.24,4.59
0.56,Very Good,F,SI1,63.2,56,1441,5.29,5.24,3.33
0.36,Premium,F,VS1,60.7,58,1013,4.62,4.57,2.79
1,Good,F,SI2,56.7,60,3858,6.62,6.58,3.74
0.93,Premium,E,I1,62.3,60,2624,6.2,6.23,3.87
1.01,Fair,J,VS2,65.8,55,3190,6.29,6.24,4.12
0.23,Very Good,E,VVS2,62.4,59,530,3.89,3.93,2.44
0.72,Ideal,H,VS2,62.3,52,2548,5.76,5.82,3.61
0.7,Ideal,F,VS1,61.6,54,2839,5.75,5.72,3.53
0.32,Premium,D,SI1,58.9,60,756,4.49,4.47,2.64
2.17,Ideal,I,SI1,60.4,56,17224,8.36,8.43,5.07
1.01,Premium,G,VS1,59.8,59,6412,6.5,6.55,3.9
0.41,Ideal,F,VVS1,61.9,56,1356,4.79,4.77,2.96
2.07,Premium,F,SI2,60.7,59,18611,8.21,8.16,4.97
0.38,Ideal,E,VVS2,61.9,57,1100,4.63,4.65,2.87
1.31,Premium,I,VS1,58.5,60,6737,7.18,7.15,4.19
0.91,Good,J,VS2,64.2,58,2854,6.12,6.09,3.92
1.24,Premium,H,VS2,62.8,57,5305,6.83,6.79,4.28
0.4,Ideal,F,VVS2,61.6,56,1196,4.73,4.77,2.93
0.71,Very Good,H,VS1,62.8,58,2277,5.67,5.7,3.57
0.86,Fair,E,SI2,55.1,69,2757,6.45,6.33,3.52
0.41,Good,F,VS1,58,61,891,4.86,4.9,2.83
0.89,Premium,H,SI2,60.2,59,2815,6.26,6.23,3.76
0.72,Ideal,G,SI2,62.3,54,2295,5.76,5.79,3.6
0.41,Ideal,I,VVS1,62.3,53,785,4.77,4.79,2.98
0.73,Ideal,E,VS2,61.6,56,3429,5.8,5.82,3.58
0.23,Very Good,D,VS2,62.9,57,402,3.92,3.97,2.48
0.31,Ideal,F,VS2,62.3,57,625,4.3,4.34,2.69
2.03,Very Good,G,SI1,61.7,54,18507,8.07,8.19,5.02
0.32,Very Good,D,VS2,61.8,57,758,4.35,4.36,2.69
0.7,Ideal,F,VS1,62.4,56,2874,5.69,5.65,3.54
1.1,Ideal,H,SI2,62.6,56,4620,6.65,6.57,4.14
0.5,Very Good,I,VVS1,62.8,61,1448,4.98,5.05,3.15
0.74,Ideal,F,SI1,61.2,56,2889,5.83,5.87,3.58
0.7,Good,J,SI2,58.7,58,1824,5.74,5.85,3.4
0.65,Ideal,E,SI1,61.8,55,1862,5.57,5.6,3.45
0.71,Premium,E,VS2,62,61,3062,5.71,5.65,3.52
0.71,Good,G,VVS1,62.7,61,3072,5.64,5.68,3.55
0.51,Ideal,F,VS1,61.8,54,1632,5.15,5.18,3.19
1.22,Premium,G,SI2,58.3,61,5436,7,6.92,4.06
1.35,Very Good,I,VS2,61.7,59,6884,7.05,7.09,4.36
0.35,Premium,H,VVS1,62.1,58,798,4.46,4.52,2.79
0.77,Premium,D,VS1,59.4,59,3966,6,5.96,3.55
0.51,Very Good,D,VS2,63.5,56,1793,5.1,5.07,3.23
0.51,Very Good,G,VS2,62.7,57,1438,5.05,5.12,3.19
0.55,Ideal,D,VS2,58.5,58,2079,5.42,5.39,3.16
1.01,Very Good,H,VS2,61.9,62,4477,6.37,6.45,3.97
1.51,Premium,I,SI2,61.3,55,6173,7.41,7.36,4.53
0.77,Premium,I,VS2,60.3,58,2375,5.96,5.94,3.59
2.01,Premium,I,VS2,61.6,61,16149,8.08,7.97,4.94
0.39,Premium,F,SI1,61.3,62,860,4.71,4.68,2.88
0.71,Ideal,H,VS2,62.1,59,2572,5.73,5.68,3.55
0.71,Premium,J,SI2,61.8,54,1305,5.74,5.7,3.53
0.6,Very Good,F,SI1,60.3,59,1670,5.42,5.5,3.29
0.31,Good,F,VS2,63.6,54,749,4.33,4.28,2.74
0.23,Very Good,E,VVS2,59.7,54,485,4.02,4.05,2.41
0.59,Premium,D,VS1,61.9,58,2326,5.37,5.32,3.31
0.41,Ideal,J,VS2,62.4,53,613,4.79,4.83,3
0.34,Ideal,D,VS2,62,54,805,4.48,4.52,2.79
0.91,Ideal,I,VS2,61.6,56,4199,6.17,6.25,3.83
1.53,Very Good,H,VS2,62.2,58,11178,7.3,7.34,4.55
0.46,Ideal,D,VS2,62.7,57,1388,4.93,4.89,3.08
1.01,Ideal,H,SI1,62.3,55,5029,6.46,6.45,4.02
1.01,Very Good,H,SI1,62.6,58,4369,6.34,6.44,4
0.91,Ideal,E,SI1,61,57,4392,6.2,6.26,3.8
0.43,Ideal,J,VS1,61.7,58,703,4.8,4.84,2.98
0.41,Ideal,E,VVS2,62,55,918,4.73,4.79,2.95
0.49,Premium,E,SI2,61.7,57,949,5.08,5.06,3.13
0.44,Ideal,E,SI1,62.6,56,1040,4.9,4.84,3.05
0.76,Premium,E,VS2,60.1,59,3192,6.01,5.97,3.6
1.52,Very Good,D,SI2,60.9,59,9343,7.35,7.4,4.49
0.36,Ideal,G,VVS1,62.1,56,945,4.6,4.58,2.85
0.34,Ideal,E,VS2,62.5,55,745,4.46,4.5,2.8
0.32,Ideal,I,VVS1,61.7,55,589,4.39,4.4,2.71
0.38,Premium,G,VVS1,61.3,57,1064,4.68,4.62,2.85
0.43,Good,G,SI1,63.6,55,704,4.79,4.83,3.06
1.21,Premium,G,VS2,60.3,60,8294,6.89,6.83,4.14
0.9,Very Good,D,SI1,62.6,58,4381,6.11,6.15,3.84
0.7,Ideal,H,VS1,61,56,3185,5.75,5.79,3.51
1.39,Ideal,J,VS2,60.3,57,6366,7.26,7.24,4.37
1.01,Very Good,J,SI1,62.2,57,4295,6.35,6.39,3.96
1.74,Good,I,SI2,60.1,64,8731,7.82,7.71,4.67
0.32,Ideal,D,VVS2,61.2,56,803,4.39,4.43,2.7
1.25,Ideal,I,SI2,61.4,55,5395,6.92,6.99,4.27
0.31,Ideal,D,VS2,59.4,56,879,4.45,4.4,2.63
1.02,Very Good,H,VS1,63.1,57,5977,6.38,6.44,4.04
2.51,Premium,J,SI1,59.6,60,17452,8.84,8.79,5.25
1.21,Very Good,I,VS1,61.2,58,5866,6.85,6.91,4.21
0.55,Ideal,F,VS2,62.1,55,1871,5.27,5.25,3.26
1.09,Premium,G,VS1,60.2,61,7422,6.71,6.64,4.02
0.59,Very Good,D,VVS2,60.6,59,2933,5.44,5.49,3.31
0.4,Premium,D,SI1,61.3,60,772,4.71,4.75,2.9
0.5,Very Good,E,SI2,61.4,58,1154,5.09,5.11,3.13
1,Premium,H,SI2,60.2,61,3920,6.48,6.44,3.89
1.28,Good,J,VS1,59.1,62,5759,7.06,7.16,4.2
0.43,Ideal,D,VVS1,62.3,56,1659,4.82,4.81,3
0.35,Premium,D,SI1,61.8,59,827,4.56,4.54,2.81
0.85,Ideal,D,VVS1,62,56,7230,6.05,6.11,3.77
0.7,Ideal,G,VS2,61.6,57,3253,5.7,5.73,3.53
0.42,Very Good,D,VVS1,61.4,55,1197,4.82,4.86,2.97
0.45,Ideal,G,IF,61.4,56,1377,4.96,4.97,3.05
0.79,Ideal,D,SI1,61.2,57,3605,5.94,5.98,3.65
1.71,Very Good,H,VVS2,61.2,62,14893,7.59,7.65,4.66
1,Very Good,G,VS2,62.9,56,5702,6.27,6.42,3.99
0.58,Ideal,E,VVS2,61.8,57,2694,5.37,5.4,3.33
0.31,Very Good,D,SI1,61.1,57,571,4.35,4.36,2.66
1.5,Premium,H,SI2,62.1,58,6458,7.31,7.21,4.51
0.41,Premium,G,VVS1,59.9,59,1151,4.79,4.83,2.88
0.4,Very Good,F,VVS2,60.5,57,982,4.76,4.79,2.89
2.01,Good,H,SI1,62.8,59,14968,7.98,8.01,5.02
1.51,Very Good,J,VS1,61.2,63,8524,7.31,7.24,4.45
0.33,Premium,E,VVS2,61.3,59,950,4.47,4.44,2.73
0.93,Premium,E,SI2,60.5,57,4250,6.37,6.32,3.84
0.32,Ideal,I,VVS2,62.6,54,561,4.37,4.41,2.75
0.9,Very Good,H,SI2,62.9,57,3160,6.09,6.16,3.85
0.71,Ideal,E,SI2,59.3,56,2388,5.89,5.84,3.48
1,Very Good,F,SI1,63.2,54,4088,6.3,6.23,3.96
0.54,Premium,D,SI1,62.1,58,1786,5.23,5.21,3.24
0.96,Ideal,F,VS1,61.2,56,5767,6.34,6.38,3.89
1.52,Fair,H,SI2,65,57,7388,7.12,7.09,4.62
0.32,Ideal,E,SI1,63.2,55,528,4.37,4.33,2.75
0.97,Premium,H,SI1,61.9,60,4172,6.37,6.3,3.92
1.79,Ideal,H,SI2,61.5,56,11643,7.77,7.81,4.79
0.3,Good,I,SI1,63.3,59,394,4.22,4.25,2.68
0.35,Ideal,D,VS2,60.9,57,829,4.51,4.55,2.76
0.35,Ideal,F,VS2,60.8,57,706,4.52,4.56,2.76
1.01,Ideal,G,SI2,59.6,57,4327,6.59,6.54,3.91
1,Good,H,SI2,63.9,55,3584,6.41,6.34,4.07
1.11,Very Good,G,VS2,62.2,55,6593,6.61,6.67,4.13
2.01,Premium,J,SI1,60.7,61,12209,8.15,8.1,4.93
1.01,Ideal,E,VS2,61.5,57,7288,6.44,6.48,3.97
0.56,Ideal,D,VS2,61.4,55,2066,5.35,5.33,3.28
0.66,Ideal,D,VVS2,61.6,57,3103,5.57,5.64,3.45
0.75,Very Good,E,VS2,63,57,3718,5.81,5.78,3.65
1.01,Good,F,SI2,63.8,57,3597,6.36,6.31,4.04
0.54,Ideal,I,SI2,61.8,54,964,5.24,5.27,3.25
1.02,Very Good,H,SI1,61,59,5455,6.48,6.53,3.97
0.31,Very Good,G,VS1,62.9,57,625,4.3,4.32,2.71
0.3,Ideal,H,SI1,62.2,57,450,4.27,4.28,2.66
0.7,Good,H,SI1,60.2,64,2176,5.72,5.65,3.42
0.3,Good,G,VVS2,63.8,56,878,4.29,4.27,2.73
0.24,Very Good,F,VS2,61.3,54,461,4.02,4.07,2.47
1.12,Ideal,F,SI2,61.9,55,5046,6.68,6.72,4.15
0.52,Ideal,G,VS1,62.7,56,1815,5.16,5.14,3.23
0.23,Very Good,F,VVS2,59.7,58,530,4.02,4.06,2.41
0.33,Premium,I,IF,62,58,891,4.46,4.44,2.76
0.51,Very Good,D,VS2,62.2,57,1678,5.11,5.14,3.19
1.27,Ideal,H,SI1,61.5,55,6472,6.97,6.95,4.28
1.3,Ideal,J,SI1,61.5,55,5728,7.03,7.06,4.33
0.41,Ideal,F,VVS1,61.6,55,1196,4.79,4.82,2.96
1.44,Ideal,D,SI1,63,55,10725,7.23,7.18,4.54
1.11,Very Good,G,VS2,60.8,58,6593,6.65,6.7,4.06
0.3,Very Good,H,VS2,60.9,61,473,4.32,4.35,2.64
0.31,Ideal,G,VVS1,60.7,57,816,4.37,4.4,2.66
0.72,Ideal,G,VVS2,61.3,56,3352,5.76,5.8,3.54
0.55,Very Good,I,SI2,61.5,60,1087,5.23,5.25,3.22
0.5,Fair,F,I1,57.5,66,827,5.3,5.17,3.01
0.91,Very Good,H,VS2,63.1,59,3853,6.16,6.13,3.88
0.44,Premium,H,SI2,59.6,60,759,4.95,4.93,2.96
0.31,Ideal,F,VVS1,60.6,56,1140,4.44,4.41,2.68
0.3,Ideal,F,VVS1,61.5,56,1041,4.32,4.36,2.67
0.32,Ideal,E,VS2,61.4,56,702,4.4,4.43,2.71
0.52,Ideal,G,VVS2,61.9,55,2012,5.16,5.14,3.19
0.52,Ideal,D,VS2,61.8,55,1822,5.16,5.19,3.2
1.71,Ideal,H,VS2,61.9,57,9618,7.67,7.61,4.73
1.4,Very Good,G,VVS2,63.4,59,11624,7.12,7.04,4.49
0.7,Very Good,F,VS2,61.7,60,2744,5.63,5.65,3.48
0.7,Very Good,E,VS1,62.4,56,2854,5.64,5.7,3.54
0.5,Good,D,VS2,64,56,1589,5.02,5.04,3.22
0.9,Good,H,SI2,63.6,60,3193,6.11,6.06,3.87
0.75,Ideal,J,SI1,61.5,56,2850,5.83,5.87,3.6
0.5,Premium,G,VVS1,62.3,59,2070,5.04,5.01,3.13
0.52,Very Good,G,VS1,60.2,57,1618,5.22,5.26,3.15
0.34,Ideal,F,VS2,62.5,55,686,4.48,4.51,2.81
1,Premium,F,SI2,61.6,61,4452,6.36,6.33,3.91
0.96,Very Good,F,SI2,60.9,57,4142,6.38,6.42,3.9
1.03,Premium,G,VS2,62.3,59,6327,6.42,6.38,3.99
1.25,Premium,G,SI2,60.4,59,6300,6.98,6.96,4.21
1,Ideal,F,SI2,61.3,56,4452,6.46,6.43,3.95
0.73,Ideal,E,SI2,61.5,55,2896,5.82,5.86,3.59
0.93,Very Good,H,VS2,62.8,59,4351,6.13,6.16,3.86
0.9,Premium,E,SI1,62.7,60,4443,6.13,6.03,3.81
0.74,Premium,D,VS1,62.3,58,3461,5.79,5.77,3.6
0.23,Premium,E,VS1,61.8,60,400,3.91,3.95,2.43
0.32,Very Good,H,VVS1,62.3,56,672,4.35,4.37,2.72
0.92,Very Good,F,SI2,62.1,59,3854,6.21,6.26,3.87
1.02,Very Good,F,SI1,60.7,59,5155,6.49,6.55,3.96
0.91,Premium,E,VS1,61.9,59,5167,6.23,6.17,3.84
1.02,Good,F,SI1,63.5,57,4594,6.35,6.4,4.05
0.81,Ideal,E,SI1,62.4,57,3109,5.92,5.97,3.71
1.01,Premium,H,SI2,59.4,59,4072,6.56,6.53,3.89
0.9,Fair,G,SI1,64.5,57,3629,6.07,6.03,3.9
1.5,Ideal,F,VS2,61.9,56.4,15444,7.31,7.33,4.53
0.35,Ideal,D,VS2,61.8,56,1063,4.55,4.51,2.8
0.42,Ideal,G,VVS2,62.1,57,1031,4.77,4.8,2.97
1.15,Premium,D,SI1,61.1,53,7213,6.83,6.76,4.15
0.9,Very Good,F,SI1,59.1,59,4498,6.3,6.35,3.74
0.31,Ideal,E,VS2,61.5,56,872,4.37,4.34,2.68
0.36,Very Good,E,SI2,62.4,58,471,4.54,4.56,2.84
1.05,Very Good,E,SI2,62.3,56,4851,6.47,6.54,4.05
1.21,Ideal,G,VS1,62.5,57,6025,6.77,6.7,4.21
1,Premium,F,SI2,61.4,61,4749,6.47,6.4,3.95
0.52,Ideal,H,VS1,62.5,58,1582,5.14,5.17,3.22
1.5,Premium,E,SI2,61.1,58,7560,7.34,7.31,4.47
0.54,Very Good,E,SI1,62.1,59,1379,5.17,5.2,3.22
0.32,Very Good,I,SI1,62.8,58,432,4.34,4.39,2.74
0.84,Ideal,G,VS2,62,55,3936,6.07,6.09,3.77
0.57,Ideal,E,VVS2,61.5,56,2447,5.31,5.35,3.28
0.73,Ideal,I,VS1,61.5,55,2908,5.8,5.84,3.58
0.27,Very Good,F,VS1,60.5,57,518,4.21,4.23,2.55
0.83,Very Good,G,SI2,63.3,57,2543,5.97,5.91,3.76
0.3,Ideal,F,IF,60.8,57,873,4.34,4.38,2.65
1.3,Good,D,SI2,57.1,63,6327,7.22,7.27,4.14
0.9,Fair,I,VVS2,60.9,66,3288,6.1,6.12,3.72
0.42,Very Good,D,SI1,63.3,58,942,4.75,4.73,3
2.21,Premium,F,SI2,59.6,60,16657,8.53,8.49,5.07
0.32,Ideal,E,IF,62,55,944,4.37,4.41,2.72
0.61,Ideal,E,VS2,61.9,53,2248,5.45,5.5,3.39
0.42,Ideal,I,VS2,61.4,56,1081,4.83,4.85,2.97
1.2,Very Good,E,SI2,61.4,58,6130,6.81,6.88,4.2
0.32,Ideal,E,VS2,62,57,702,4.39,4.41,2.73
0.5,Ideal,E,VS2,62.2,54,1746,5.11,5.08,3.17
0.37,Premium,D,SI1,62.7,58,681,4.55,4.58,2.86
1.56,Premium,J,VS2,61.7,58,7904,7.46,7.41,4.59
1.07,Ideal,I,VVS1,62.3,57,6685,6.56,6.6,4.1
0.3,Ideal,D,SI1,62.2,56,552,4.25,4.3,2.66
0.3,Premium,F,VVS2,61,59,737,4.3,4.33,2.63
1.2,Ideal,H,VS2,60.8,55,7190,6.9,6.85,4.18
0.4,Premium,F,VS2,61,59,1080,4.76,4.71,2.89
1.1,Ideal,F,SI2,62.4,56,5596,6.58,6.62,4.12
0.74,Good,E,VS1,63.4,55,3416,5.76,5.78,3.66
0.54,Ideal,G,VS2,62.3,54,1637,5.27,5.23,3.27
0.38,Very Good,F,SI1,61.7,58,672,4.66,4.73,2.89
0.24,Very Good,E,VVS2,62.4,54,608,3.96,3.99,2.48
2.01,Good,D,SI2,64.6,55,15394,7.85,7.98,5.11
0.31,Ideal,H,VS1,62.1,54,544,4.3,4.37,2.69
1.4,Very Good,E,VS1,59.1,57,12196,7.28,7.38,4.33
0.41,Good,E,VS2,63.1,64,981,4.66,4.63,2.93
0.31,Ideal,E,SI1,61.1,56,660,4.39,4.41,2.69
0.64,Very Good,D,SI1,62.3,58,1969,5.49,5.53,3.43
1.59,Premium,I,VS2,59.9,60,9474,7.61,7.57,4.55
0.52,Good,I,SI1,63.6,60,978,5.05,5.1,3.23
0.79,Premium,D,SI2,60,60,2853,6.07,6.03,3.63
0.33,Ideal,D,VS1,60.9,57,957,4.5,4.47,2.73
0.5,Ideal,G,VVS2,61.4,57,1935,5.13,5.1,3.14
0.79,Good,E,SI1,64.1,54,2849,5.86,5.84,3.75
1.01,Premium,J,SI2,63,60,3421,6.38,6.31,4
0.9,Premium,G,I1,62.3,53,1939,6.16,6.12,3.82
0.51,Premium,G,VS2,62.4,58,1546,5.12,5.11,3.19
1,Fair,E,SI1,58.1,63,4213,6.6,6.52,3.81
0.37,Ideal,E,VS2,61.6,57,1041,4.65,4.61,2.85
0.33,Very Good,F,VVS1,62,56,912,4.43,4.46,2.75
0.71,Ideal,D,SI1,60.8,57,3502,5.75,5.78,3.5
0.24,Very Good,F,VS1,62.9,59,393,3.95,3.97,2.49
0.31,Ideal,E,VVS2,61.6,56,837,4.35,4.39,2.69
0.32,Ideal,E,VS1,59.9,55,758,4.46,4.49,2.68
0.51,Premium,H,SI1,60.4,58,1195,5.21,5.19,3.14
1,Very Good,H,VS1,63.3,53,4732,6.37,6.29,4.01
0.6,Ideal,E,SI1,61.4,58,1749,5.44,5.47,3.35
1.52,Premium,J,VS1,62.4,59,8258,7.36,7.31,4.58
0.9,Very Good,H,SI1,62.8,57,3437,6.14,6.18,3.87
0.38,Premium,F,SI1,60.4,58,898,4.72,4.68,2.84
0.54,Premium,F,SI2,60,60,1240,5.27,5.22,3.24
0.44,Ideal,E,SI2,62,54,691,4.9,4.94,3.05
1.5,Very Good,I,VS1,62.8,58,9033,7.17,7.23,4.52
0.3,Ideal,E,VVS2,61.5,58,766,4.29,4.3,2.64
1.32,Ideal,G,VS1,61.7,56,11584,7.04,7.07,4.35
1.2,Premium,H,SI1,62.4,59,5899,6.73,6.7,4.19
0.31,Ideal,D,VS2,62.1,56,942,4.35,4.34,2.7
0.34,Ideal,G,VVS1,62.1,57,895,4.45,4.47,2.77
1.23,Ideal,I,VS1,61.1,57,7881,6.88,6.9,4.21
0.34,Very Good,D,SI1,62,59,626,4.42,4.48,2.76
0.71,Very Good,J,SI1,59.2,58,1932,5.86,5.9,3.48
0.56,Ideal,G,VVS1,62.3,55,2055,5.25,5.31,3.29
1.66,Ideal,I,VS2,62.3,54,11156,7.58,7.61,4.73
0.7,Very Good,H,VS1,62.3,57,2540,5.68,5.72,3.55
0.9,Very Good,F,SI1,59.6,63,3992,6.24,6.17,3.7
1.1,Premium,G,VS2,60.2,58,6534,6.71,6.75,4.05
0.32,Ideal,D,SI2,59.5,57,477,4.47,4.5,2.67
0.55,Ideal,F,SI1,61.7,56,1718,5.3,5.26,3.25
2.01,Good,H,SI2,62.2,57,14956,8.05,8.1,5.03
0.5,Ideal,D,VS2,62.5,54,1845,5.09,5.05,3.17
0.7,Very Good,F,VS2,61.7,58,2812,5.63,5.69,3.49
0.31,Premium,E,VVS2,61.4,58,816,4.33,4.36,2.67
0.7,Premium,I,VVS2,60.1,59,2352,5.8,5.72,3.46
1.14,Premium,F,VVS1,59.4,59,11549,6.87,6.8,4.06
1.02,Ideal,F,IF,62,58,11116,6.44,6.49,4.01
0.9,Very Good,E,SI1,61.3,57,4165,6.24,6.29,3.84
0.82,Ideal,G,VS1,61.9,54,3880,5.99,6.03,3.72
0.51,Ideal,E,VS2,61.9,56,1781,5.16,5.12,3.18
1.59,Ideal,H,VS2,60.7,61,11437,7.56,7.5,4.57
0.41,Premium,D,VS1,59.3,58,1286,4.87,4.85,2.88
0.33,Ideal,E,VS2,61.9,56,723,4.43,4.46,2.75
0.52,Ideal,G,VS1,62.1,54,1621,5.14,5.17,3.2
0.42,Very Good,G,SI1,62,54,751,4.8,4.82,2.98
0.34,Premium,G,IF,62.3,59,1014,4.46,4.49,2.79
1.01,Very Good,H,I1,63.2,58,3167,6.39,6.33,4.02
0.54,Very Good,D,VS2,61.1,59,1583,5.25,5.29,3.22
2.01,Premium,I,VS2,61.7,60,16700,8.09,8.02,4.97
1.06,Ideal,E,SI1,58.8,57,5877,6.71,6.66,3.93
1.51,Good,I,SI1,63.8,57,6046,7.21,7.18,4.59
1.01,Premium,G,SI1,62.6,60,5006,6.36,6.29,3.96
1.51,Very Good,F,VS1,62.6,57,14976,7.25,7.29,4.55
2.06,Good,I,SI1,59,64,14920,8.39,8.13,4.89
0.7,Premium,G,SI1,62.6,60,2415,5.61,5.57,3.5
0.3,Ideal,D,VS2,61.8,55,778,4.35,4.32,2.68
0.45,Very Good,H,VVS1,62.3,57,1274,4.9,4.93,3.06
0.47,Ideal,F,VVS1,61.9,55,1779,4.98,5,3.09
0.26,Good,H,VVS2,63.4,55,440,4.05,4.06,2.57
0.91,Very Good,H,VS1,62.1,59,4370,6.17,6.2,3.84
0.32,Ideal,G,VS2,61.8,57,720,4.4,4.37,2.71
1.25,Very Good,J,VS1,61.8,58,5628,6.89,6.93,4.27
0.9,Premium,H,VS1,63,62,3838,6.09,6,3.81
1.01,Very Good,D,VVS2,63,56,10800,6.35,6.41,4.02
1.01,Ideal,F,SI1,61.7,56,5932,6.45,6.48,3.99
0.32,Ideal,F,SI1,60.9,55,586,4.46,4.53,2.72
1.11,Very Good,H,SI1,61.9,58,5780,6.63,6.65,4.11
0.39,Ideal,D,VS1,61.9,57,1170,4.71,4.69,2.91
1.23,Very Good,F,SI2,61.9,58,6233,6.77,6.79,4.2
0.31,Good,E,SI1,63.6,57,698,4.3,4.28,2.73
1.05,Premium,F,SI2,61.1,59,3672,6.54,6.61,4.02
1.25,Ideal,G,VVS2,61.5,55,10636,6.92,6.94,4.26
0.55,Very Good,F,VS2,62.1,55.4,1777,5.25,5.27,3.26
2.1,Premium,I,VS2,60.7,61,14394,8.28,8.27,5.02
0.41,Ideal,F,VS2,61.4,55,863,4.78,4.83,2.95
0.3,Premium,E,VS2,62,60,658,4.23,4.26,2.63
0.73,Ideal,H,IF,61.6,55,3378,5.8,5.82,3.58
1.23,Good,D,SI2,60.5,64,5689,6.94,6.88,4.18
1.22,Very Good,F,VVS2,60.7,62,10719,6.81,6.84,4.14
0.33,Ideal,G,VVS2,60.4,57,761,4.48,4.52,2.72
1,Very Good,G,VS2,60.8,55,6296,6.46,6.49,3.94
0.52,Ideal,E,VS2,61.5,56,1576,5.18,5.2,3.19
0.31,Premium,G,VVS2,62.9,58,907,4.31,4.27,2.7
0.52,Good,G,SI1,63.3,55,1244,5.07,5.1,3.22
0.32,Good,I,SI2,63.1,58,374,4.34,4.41,2.76
0.42,Very Good,F,SI1,60.6,61,722,4.83,4.87,2.94
1.5,Premium,H,SI2,60.8,58,8148,7.39,7.34,4.48
0.41,Good,J,VS1,63.7,56,647,4.68,4.71,2.99
0.71,Good,I,SI1,64.2,57,1715,5.59,5.57,3.58
0.73,Very Good,G,I1,62.5,58,1298,5.74,5.82,3.61
0.25,Very Good,E,VVS2,62,56,560,4.05,4.08,2.52
2.04,Premium,H,SI2,62.7,56,15760,8.12,8.06,5.07
1.07,Very Good,G,SI1,60.5,62,4861,6.6,6.69,4.02
0.28,Very Good,F,VVS2,60.2,58,628,4.26,4.28,2.57
0.24,Very Good,F,VS1,61,57,461,4.01,4.04,2.45
0.42,Premium,E,SI1,61.6,59,773,4.83,4.85,2.98
0.7,Very Good,D,SI1,60.3,60,2656,5.74,5.77,3.47
1.12,Premium,G,SI1,59.5,62,5181,6.81,6.76,4.04
1.01,Very Good,H,VS2,59.7,64,5911,6.45,6.48,3.86
0.76,Ideal,D,SI1,62.8,57,3075,5.81,5.85,3.66
2.23,Premium,G,SI2,61.4,58,16805,8.41,8.32,5.14
0.56,Ideal,D,VS2,61.4,55,1963,5.33,5.35,3.28
0.57,Ideal,H,SI1,61.8,55,1292,5.31,5.37,3.3
1,Very Good,E,VVS2,61.9,61,7777,6.38,6.42,3.96
0.36,Very Good,E,VS2,59.9,55,631,4.66,4.69,2.8
0.4,Ideal,F,VVS1,60.7,56,1323,4.79,4.77,2.9
0.25,Very Good,F,VVS1,62.2,56,633,4.02,4.03,2.5
2.01,Very Good,H,VS2,63.5,59,16677,7.92,7.86,5.01
1.59,Ideal,I,SI2,60.5,55.1,8814,7.55,7.62,4.59
0.33,Ideal,F,IF,61.2,56,1240,4.47,4.49,2.74
0.36,Very Good,F,VVS2,61.6,55,872,4.58,4.6,2.83
1.11,Ideal,J,SI1,62.4,57,4497,6.57,6.6,4.11
0.38,Ideal,D,VS1,62,57,942,4.7,4.69,2.91
0.37,Ideal,G,VS2,60.8,57,833,4.66,4.61,2.82
0.51,Ideal,H,VS2,61.4,56,1375,5.14,5.19,3.17
0.3,Good,G,VS1,63.6,55,776,4.29,4.26,2.72
0.52,Ideal,F,VS1,61.2,57,1778,5.16,5.2,3.17
1.04,Very Good,I,SI1,62,57,4290,6.47,6.5,4.02
0.79,Ideal,D,SI1,61.3,54,3328,5.96,6.01,3.67
0.33,Ideal,I,SI1,62.7,56,445,4.4,4.44,2.77
0.33,Good,F,VS2,63.2,56,666,4.39,4.41,2.78
0.7,Premium,H,SI1,60.3,55,2176,5.8,5.75,3.48
0.5,Ideal,D,SI2,62.5,55,1332,5.14,5.07,3.19
1.5,Good,J,SI2,63.6,58,6421,7.25,7.18,4.59
1.8,Ideal,F,SI1,61.8,57,16364,7.79,7.83,4.83
1.52,Premium,F,VS2,62.3,56,14544,7.34,7.29,4.56
0.33,Very Good,G,VS2,59.4,61,579,4.49,4.53,2.68
1.26,Ideal,G,SI2,60.9,55,6046,7.05,7,4.28
0.3,Ideal,F,VS2,62.2,55,573,4.3,4.32,2.68
0.43,Ideal,G,VVS2,60.9,57,1408,4.86,4.89,2.97
1.83,Ideal,J,VS2,62,56,11406,7.84,7.9,4.88
1.09,Ideal,F,VVS2,62,56,10196,6.63,6.6,4.1
1.13,Good,F,SI2,64,58,4025,6.58,6.52,4.19
1.02,Premium,G,SI1,58.9,59,5226,6.59,6.55,3.87
0.7,Premium,G,SI2,61,58,1875,5.75,5.72,3.5
0.9,Premium,G,SI1,60.1,59,3326,6.25,6.2,3.74
0.41,Good,E,VVS1,60.4,61,1169,4.76,4.81,2.89
1.01,Ideal,H,SI2,61.7,56,4129,6.47,6.43,3.98
0.41,Premium,F,VVS2,61,59,1192,4.83,4.77,2.93
0.79,Ideal,D,SI1,61.2,56,3242,5.95,6.02,3.66
0.81,Very Good,E,SI1,61.9,58,3243,5.92,5.97,3.68
0.72,Very Good,E,SI2,61.4,58,2688,5.76,5.8,3.55
0.54,Very Good,D,SI1,62,55,1662,5.21,5.24,3.24
1.07,Very Good,H,SI2,61.8,63,3296,6.57,6.47,4.03
1,Very Good,G,IF,58.3,62,8002,6.51,6.57,3.81
0.53,Premium,H,SI1,59.4,60,1242,5.26,5.24,3.12
1.76,Ideal,I,VS1,62,57,11722,7.74,7.71,4.79
0.3,Ideal,F,IF,61.4,57,886,4.34,4.36,2.67
